id;type;location;file_name;extention;is_default;description
1;AUDIO;Rand Loti synergies Music;mission-critical Director;Checking Account AI fuchsia;true;process improvement
2;IMAGE;Virginia;Viaduct;FTP Berkshire;false;indexing Trinidad and Tobago Dollar
3;AUDIO;one-to-one back-end Japan;Ergonomic;Intelligent Global reintermediate;false;Reactive
4;GIF;24/365 drive firewall;bluetooth Awesome Steel Mouse synthesize;EXE;true;Track
5;IMAGE;Program Gabon;Tuna deposit;Personal Loan Account invoice transitional;false;applications Track redundant
6;GIF;collaborative Clothing;quantifying Soap Operations;cross-platform;true;Cambridgeshire end-to-end Money Market Account
7;VIDEO;frame Rand Namibia Dollar Agent;feed artificial intelligence;indigo;false;Buckinghamshire invoice well-modulated
8;VIDEO;Designer open-source;visionary Light Inverse;grow protocol;false;Licensed Soft Shoes generate Money Market Account
9;AUDIO;copy;convergence;Clothing;true;wireless Borders Generic Fresh Ball
10;IMAGE;asynchronous gold Hat;Accounts Officer circuit;functionalities;true;fuchsia bi-directional
