id;usrname;p_wd;date_created
1;Interactions Unbranded Plastic Sausages open system;virtual;2020-11-22T13:31:57
2;zero tolerance installation Chips;indexing;2020-11-21T23:18:30
3;platforms Rustic Soft Hat;Frozen Refined;2020-11-21T20:52:40
4;archive synthesize;Internal Direct Product;2020-11-21T18:39:45
5;schemas web-enabled Intelligent Wooden Mouse;Industrial;2020-11-22T16:02:34
6;Gold Incredible Iowa;fault-tolerant systems back-end;2020-11-22T03:24:12
7;Fresh;SMTP Forest;2020-11-22T05:18:48
8;User-friendly;Director;2020-11-22T01:03:53
9;Direct Handcrafted;Functionality Turkish Lira users;2020-11-22T13:33:02
10;Refined;District recontextualize recontextualize;2020-11-22T11:35:58
